{"stats":{"minecraft:custom":{"minecraft:time_since_rest":12070,"minecraft:crouch_one_cm":616,"minecraft:play_one_minute":64637,"minecraft:deaths":1,"minecraft:sprint_one_cm":1835,"minecraft:damage_taken":900,"minecraft:walk_one_cm":123451,"minecraft:sneak_time":538,"minecraft:interact_with_lectern":7,"minecraft:jump":162,"minecraft:leave_game":20,"minecraft:time_since_death":12010,"minecraft:climb_one_cm":628,"minecraft:fall_one_cm":2841,"minecraft:fly_one_cm":113861},"minecraft:picked_up":{"minecraft:redstone":1},"minecraft:used":{"minecraft:redstone_torch":41,"minecraft:yellow_wool":47,"minecraft:sticky_piston":4,"minecraft:white_wool":5,"minecraft:lever":3,"minecraft:diamond_block":84,"minecraft:writable_book":6,"minecraft:repeater":57,"minecraft:magenta_wool":43,"minecraft:command_block":5,"minecraft:redstone":165,"minecraft:light_blue_wool":17,"minecraft:oak_button":4,"minecraft:ladder":5,"minecraft:oak_sign":3,"minecraft:lectern":1,"minecraft:sandstone":10,"minecraft:iron_door":1}},"DataVersion":1976}